<?xml version="1.0" ?>
<ipxact:component xmlns:ipxact="http://www.accellera.org/XMLSchema/IPXACT/1685-2014" xmlns:lsccip="http://www.latticesemi.com/XMLSchema/Radiant/ip">
    <ipxact:vendor>latticesemi.com</ipxact:vendor>
    <ipxact:library>ip</ipxact:library>
    <ipxact:name>cnn_accel</ipxact:name>
    <ipxact:version>2.0.0.02</ipxact:version>
    <ipxact:model>
        <ipxact:ports>
            <ipxact:port>
                <ipxact:name>clk</ipxact:name>
                <ipxact:displayName>clk</ipxact:displayName>
                <ipxact:wire>
                    <ipxact:direction>in</ipxact:direction>
                </ipxact:wire>
            </ipxact:port>
            <ipxact:port>
                <ipxact:name>resetn</ipxact:name>
                <ipxact:displayName>resetn</ipxact:displayName>
                <ipxact:wire>
                    <ipxact:direction>in</ipxact:direction>
                </ipxact:wire>
            </ipxact:port>
            <ipxact:port>
                <ipxact:name>o_rd_rdy</ipxact:name>
                <ipxact:displayName>o_rd_rdy</ipxact:displayName>
                <ipxact:wire>
                    <ipxact:direction>out</ipxact:direction>
                </ipxact:wire>
            </ipxact:port>
            <ipxact:port>
                <ipxact:name>i_start</ipxact:name>
                <ipxact:displayName>i_start</ipxact:displayName>
                <ipxact:wire>
                    <ipxact:direction>in</ipxact:direction>
                </ipxact:wire>
            </ipxact:port>
            <ipxact:port>
                <ipxact:name>i_we</ipxact:name>
                <ipxact:displayName>i_we</ipxact:displayName>
                <ipxact:wire>
                    <ipxact:direction>in</ipxact:direction>
                </ipxact:wire>
            </ipxact:port>
            <ipxact:port>
                <ipxact:name>i_waddr</ipxact:name>
                <ipxact:displayName>i_waddr</ipxact:displayName>
                <ipxact:wire>
                    <ipxact:direction>in</ipxact:direction>
                    <ipxact:vectors>
                        <ipxact:vector>
                            <ipxact:left>16</ipxact:left>
                            <ipxact:right>0</ipxact:right>
                        </ipxact:vector>
                    </ipxact:vectors>
                </ipxact:wire>
            </ipxact:port>
            <ipxact:port>
                <ipxact:name>i_din</ipxact:name>
                <ipxact:displayName>i_din</ipxact:displayName>
                <ipxact:wire>
                    <ipxact:direction>in</ipxact:direction>
                    <ipxact:vectors>
                        <ipxact:vector>
                            <ipxact:left>15</ipxact:left>
                            <ipxact:right>0</ipxact:right>
                        </ipxact:vector>
                    </ipxact:vectors>
                </ipxact:wire>
            </ipxact:port>
            <ipxact:port>
                <ipxact:name>o_we</ipxact:name>
                <ipxact:displayName>o_we</ipxact:displayName>
                <ipxact:wire>
                    <ipxact:direction>out</ipxact:direction>
                </ipxact:wire>
            </ipxact:port>
            <ipxact:port>
                <ipxact:name>o_dout</ipxact:name>
                <ipxact:displayName>o_dout</ipxact:displayName>
                <ipxact:wire>
                    <ipxact:direction>out</ipxact:direction>
                    <ipxact:vectors>
                        <ipxact:vector>
                            <ipxact:left>15</ipxact:left>
                            <ipxact:right>0</ipxact:right>
                        </ipxact:vector>
                    </ipxact:vectors>
                </ipxact:wire>
            </ipxact:port>
            <ipxact:port>
                <ipxact:name>o_cycles</ipxact:name>
                <ipxact:displayName>o_cycles</ipxact:displayName>
                <ipxact:wire>
                    <ipxact:direction>out</ipxact:direction>
                    <ipxact:vectors>
                        <ipxact:vector>
                            <ipxact:left>31</ipxact:left>
                            <ipxact:right>0</ipxact:right>
                        </ipxact:vector>
                    </ipxact:vectors>
                </ipxact:wire>
            </ipxact:port>
            <ipxact:port>
                <ipxact:name>o_commands</ipxact:name>
                <ipxact:displayName>o_commands</ipxact:displayName>
                <ipxact:wire>
                    <ipxact:direction>out</ipxact:direction>
                    <ipxact:vectors>
                        <ipxact:vector>
                            <ipxact:left>31</ipxact:left>
                            <ipxact:right>0</ipxact:right>
                        </ipxact:vector>
                    </ipxact:vectors>
                </ipxact:wire>
            </ipxact:port>
            <ipxact:port>
                <ipxact:name>o_fc_cycles</ipxact:name>
                <ipxact:displayName>o_fc_cycles</ipxact:displayName>
                <ipxact:wire>
                    <ipxact:direction>out</ipxact:direction>
                    <ipxact:vectors>
                        <ipxact:vector>
                            <ipxact:left>31</ipxact:left>
                            <ipxact:right>0</ipxact:right>
                        </ipxact:vector>
                    </ipxact:vectors>
                </ipxact:wire>
            </ipxact:port>
            <ipxact:port>
                <ipxact:name>i_debug_rdy</ipxact:name>
                <ipxact:displayName>i_debug_rdy</ipxact:displayName>
                <ipxact:wire>
                    <ipxact:direction>in</ipxact:direction>
                </ipxact:wire>
            </ipxact:port>
            <ipxact:port>
                <ipxact:name>o_debug_vld</ipxact:name>
                <ipxact:displayName>o_debug_vld</ipxact:displayName>
                <ipxact:wire>
                    <ipxact:direction>out</ipxact:direction>
                </ipxact:wire>
            </ipxact:port>
            <ipxact:port>
                <ipxact:name>o_fill</ipxact:name>
                <ipxact:displayName>o_fill</ipxact:displayName>
                <ipxact:wire>
                    <ipxact:direction>out</ipxact:direction>
                </ipxact:wire>
            </ipxact:port>
            <ipxact:port>
                <ipxact:name>i_fifo_empty</ipxact:name>
                <ipxact:displayName>i_fifo_empty</ipxact:displayName>
                <ipxact:wire>
                    <ipxact:direction>in</ipxact:direction>
                </ipxact:wire>
            </ipxact:port>
            <ipxact:port>
                <ipxact:name>i_fifo_low</ipxact:name>
                <ipxact:displayName>i_fifo_low</ipxact:displayName>
                <ipxact:wire>
                    <ipxact:direction>in</ipxact:direction>
                </ipxact:wire>
            </ipxact:port>
            <ipxact:port>
                <ipxact:name>o_fifo_rd</ipxact:name>
                <ipxact:displayName>o_fifo_rd</ipxact:displayName>
                <ipxact:wire>
                    <ipxact:direction>out</ipxact:direction>
                </ipxact:wire>
            </ipxact:port>
            <ipxact:port>
                <ipxact:name>i_fifo_dout</ipxact:name>
                <ipxact:displayName>i_fifo_dout</ipxact:displayName>
                <ipxact:wire>
                    <ipxact:direction>in</ipxact:direction>
                    <ipxact:vectors>
                        <ipxact:vector>
                            <ipxact:left>31</ipxact:left>
                            <ipxact:right>0</ipxact:right>
                        </ipxact:vector>
                    </ipxact:vectors>
                </ipxact:wire>
            </ipxact:port>
            <ipxact:port>
                <ipxact:name>o_status</ipxact:name>
                <ipxact:displayName>o_status</ipxact:displayName>
                <ipxact:wire>
                    <ipxact:direction>out</ipxact:direction>
                    <ipxact:vectors>
                        <ipxact:vector>
                            <ipxact:left>7</ipxact:left>
                            <ipxact:right>0</ipxact:right>
                        </ipxact:vector>
                    </ipxact:vectors>
                </ipxact:wire>
            </ipxact:port>
        </ipxact:ports>
    </ipxact:model>
    <ipxact:fileSets>
        <ipxact:fileSet>
            <ipxact:name>ipx_file_list</ipxact:name>
            <ipxact:file>
                <ipxact:name>rtl/cnn_accel.v</ipxact:name>
                <ipxact:fileType user="top_level_verilog">user</ipxact:fileType>
            </ipxact:file>
            <ipxact:file>
                <ipxact:name>rtl/cnn_accel_bb.v</ipxact:name>
                <ipxact:fileType user="black_box_verilog">user</ipxact:fileType>
            </ipxact:file>
            <ipxact:file>
                <ipxact:name>misc/cnn_accel_tmpl.vhd</ipxact:name>
                <ipxact:fileType user="template_vhdl">user</ipxact:fileType>
            </ipxact:file>
            <ipxact:file>
                <ipxact:name>cnn_accel.cfg</ipxact:name>
                <ipxact:fileType user="cfg">user</ipxact:fileType>
            </ipxact:file>
            <ipxact:file>
                <ipxact:name>misc/cnn_accel_tmpl.v</ipxact:name>
                <ipxact:fileType user="template_verilog">user</ipxact:fileType>
            </ipxact:file>
        </ipxact:fileSet>
    </ipxact:fileSets>
    <ipxact:vendorExtensions>
        <lsccip:moduleRef lsccip:library="ip" lsccip:name="compact_cnn_accelerator" lsccip:vendor="latticesemi.com" lsccip:version="2.0.0.02"/>
        <lsccip:deviceInfo>
            <lsccip:device>iCE40UP5K</lsccip:device>
            <lsccip:performanceGrade>High-Performance_1.2V</lsccip:performanceGrade>
            <lsccip:architecture>ice40tp</lsccip:architecture>
            <lsccip:package>SG48</lsccip:package>
        </lsccip:deviceInfo>
    </ipxact:vendorExtensions>
</ipxact:component>
